{"results": [], "final_socre": {"difference_avg": 0.25856110452490366, "difference_mul": 0.0, "difference_log": -1.4485267210749186, "difference_exp": 0.0, "negative_differences_avg": 0.18590704647676162, "negative_differences_mul": 0.0, "negative_differences_log": 0.8915542228885557, "negative_differences_exp": 0.0}}